id,title,is_blocked,queue_position
240,Absolute Batman,t,1
364,Absolute Catwoman,t,32
375,Absolute Evil ,t,43
361,Absolute Flash,t,67
363,Absolute Green Arrow,t,31
362,Absolute Green Lantern,t,68
241,Absolute Martian Manhunter,t,11
360,Absolute Superman,t,74
248,Absolute Wonder Woman,t,73
3132,Annihilation,t,63
3133,Annihilation: Heralds of Galactus,t,64
3128,Annihilation: Nova,t,59
3127,Annihilation: Prologue,t,58
3129,Annihilation: Ronan,t,60
3131,Annihilation: Silver Surfer,t,62
3130,Annihilation: Super-Skrull,t,61
3115,Aquaman,t,48
359,DC K.O.,t,2
3124,DC K.O.: Boss Battle,t,55
3122,DC K.O.: Green Lantern Galactic Slam,t,53
3120,DC K.O.: Harley Quinn vs. Zatanna,t,51
3117,DC K.O.: Knightfight,t,75
3121,DC K.O.: Red Hood vs. The Joker,t,52
3118,DC K.O.: Superman vs. Captain Atom,t,49
3123,DC K.O.: The Kids Are All Fight Special,t,54
3119,DC K.O.: Wonder Woman vs. Lobo,t,50
3126,Drax the Destroyer,t,57
347,Free Comic Book Day 2024: Ultimate Universe / Spider-Man,t,21
348,Free Comic Book Day 2025: Amazing Spider-Man / Ultimate Universe,t,22
372,Jenny Sparks: The Secret History of the Authority,t,39
356,Justice League Unlimited,t,66
345,Miles Morales: Spider-Man,t,19
3135,Nova,t,65
250,Planetary,t,34
374,Planetary/Batman: Night on Earth,t,41
373,Planetary/JLA: Terra Occulta,t,40
371,Planetary/The Authority: Ruling the World,t,38
367,Stormwatch Vol. 1,t,72
368,Stormwatch Vol. 2,t,35
3125,Superman 2026 Annual: Year One Thousand,t,56
370,The Authority,t,37
354,The Flash,t,26
340,The Ultimates,t,14
3116,Titans,t,71
338,Ultimate Black Panther,t,70
344,Ultimate Endgame,t,18
343,Ultimate Hawkeye,t,17
346,Ultimate Impact: Reborn,t,20
337,Ultimate Spider-Man,t,45
342,Ultimate Spider-Man: Incursion,t,16
351,Ultimate Universe: Finale,t,25
349,Ultimate Universe: One Year In,t,23
350,Ultimate Universe: Two Years In,t,24
341,Ultimate Wolverine,t,15
339,Ultimate X-Men,t,13
369,WildC.A.T.s/Aliens,t,36
